time,bnorm,group1diff,Executioner/eigenvalue
1,0.93792428977388,0.91386799766509,0.93792428977388
