time,bnorm,group1diff,Executioner/eigenvalue
1,0.93801408026222,0.91319008667841,0.93801408026222
