time,bnorm,group1diff,moxa_fission_heat,moxb_fission_heat,total_fission_heat,uo2a_fission_heat,uo2b_fission_heat,Executioner/eigenvalue
1,0.92090639643477,0.11541618377768,3.5057123917445e-12,3.5057123908427e-12,1.2278751952464e-11,3.8586606095748e-12,1.4086665603017e-12,0.92090639643477
