time,bnorm,group1diff,moxa_fission_heat,moxb_fission_heat,total_fission_heat,uo2a_fission_heat,uo2b_fission_heat,Executioner/eigenvalue
1,0.91978928698706,0.12177937822184,3.3618295079364e-12,3.3618295076871e-12,1.2263857159827e-11,4.0924304354868e-12,1.4477677087172e-12,0.91978928698706
