time,bnorm,group1diff,Executioner/eigenvalue
1,1.0003621949828,0.65208918393979,1.0003621949828
